단계코드,단계명,하위유형,데이터셋,컬럼번호,raw data 컬럼 헤더(문항 원문),레이아웃 코드,전 제품군 공통
S0,메타 (보고서 미출력),,리바랩스 · 캣독런,0,리크루팅,—,미출력
S0,메타 (보고서 미출력),,리바랩스 · 캣독런,59,(빈 열),—,미출력
S0,메타 (보고서 미출력),,케어클 · 테크핏,0,응답시간,—,미출력
S0,메타 (보고서 미출력),,케어클 · 테크핏,1,"본 설문은 ‘테크핏’의 사용성 평가를 위한 것으로, 설문에 응답하기 전에 반드시 제품을 체험해 주시기 바랍니다.",—,미출력
S0,메타 (보고서 미출력),,케어클 · 테크핏,2,정산 방식을 선택해주세요,—,미출력
S0,메타 (보고서 미출력),,케어클 · 테크핏,3,휴대폰 뒷번호 4자리,—,미출력
S0,메타 (보고서 미출력),,이젠오토 · 셀케어,0,(빈 열),—,미출력
S0,메타 (보고서 미출력),,이젠오토 · 셀케어,1,응답시간,—,미출력
S0,메타 (보고서 미출력),,이젠오토 · 셀케어,2,본인의 이름과 휴대폰 번호 끝 4자리를 입력해주세요 (예시-김oo /,—,미출력
S0,메타 (보고서 미출력),,이젠오토 · 셀케어,7,차량번호를 입력해주세요,—,미출력
S0,메타 (보고서 미출력),,이젠오토 · 셀케어,46,카카오톡 채널 추가한 이미지를 업로드 해주세요.,—,미출력
S0,메타 (보고서 미출력),,정리습관,0,(빈 열),—,미출력
S0,메타 (보고서 미출력),,정리습관,1,응답시간,—,미출력
S0,메타 (보고서 미출력),,정리습관,2,"본 설문은 ‘정리습관’의 사용성 테스트를 위한 것으로, 설문에 응답하기 전에 반드시 서비스를 체험해 주시기 바랍니다.",—,미출력
S0,메타 (보고서 미출력),,정리습관,3,서비스 체험 인증을 위해’예상 견적 확인’ 페이지를 캡쳐하여 아래에 업로드해주세요,—,미출력
S0,메타 (보고서 미출력),,정리습관,4,휴대폰 뒷번호 4자리,—,미출력
S0,메타 (보고서 미출력),,투블럭에이아이 · 키위티,0,Response ID,—,미출력
S0,메타 (보고서 미출력),,투블럭에이아이 · 키위티,1,Time Submitted,—,미출력
S0,메타 (보고서 미출력),,투블럭에이아이 · 키위티,2,"수준 높은 글쓰기를 위한 AI 글첨삭 서비스, 키위티",—,미출력
S0,메타 (보고서 미출력),,투블럭에이아이 · 키위티,3,개인정보 수집 및 이용 동의서,—,미출력
S0,메타 (보고서 미출력),,투블럭에이아이 · 키위티,4,리워드 증정을 위해 안내드릴 연락처를 작성해주세요,—,미출력
S0,메타 (보고서 미출력),,투블럭에이아이 · 키위티,5,키위티 가입에 사용한 계정을 알려주세요.,—,미출력
S0,메타 (보고서 미출력),,투블럭에이아이 · 키위티,40,다음은 키위티 사용 가격 안내표입니다.  ※ 앞 문항 귀속: Q8. 글 첨삭 서비스를 구매(혹은 이용 결정)함에 있어서 가장 영향을 미칠 수 있는 핵심 요인은 무엇이라고 생각하십니까? - 이용 자유도,—,미출력
S0,메타 (보고서 미출력),,투블럭에이아이 · 키위티,41,다음은 키위티 사용 가격 안내표입니다.  ※ 앞 문항 귀속: Q8. 글 첨삭 서비스를 구매(혹은 이용 결정)함에 있어서 가장 영향을 미칠 수 있는 핵심 요인은 무엇이라고 생각하십니까? - 이용 자유도,—,미출력
S1,인적 사항 및 특성·경험 조사,,리바랩스 · 캣독런,1,나이,L10|L10b|L1|L2|L9|L20,필수 5/5
S1,인적 사항 및 특성·경험 조사,,리바랩스 · 캣독런,2,성별,L10|L10b|L1|L2|L9|L20,필수 5/5
S1,인적 사항 및 특성·경험 조사,,리바랩스 · 캣독런,3,운영체제,L10|L10b|L1|L2|L9|L20,필수 5/5
S1,인적 사항 및 특성·경험 조사,,리바랩스 · 캣독런,4,하루 평균 걷는 시간,L10|L10b|L1|L2|L9|L20,필수 5/5
S1,인적 사항 및 특성·경험 조사,,리바랩스 · 캣독런,5,일주일 기준 산책 빈도,L10|L10b|L1|L2|L9|L20,필수 5/5
S1,인적 사항 및 특성·경험 조사,,케어클 · 테크핏,4,나이를 입력해주세요,L10|L10b|L1|L2|L9|L20,필수 5/5
S1,인적 사항 및 특성·경험 조사,,케어클 · 테크핏,5,성별을 선택해주세요,L10|L10b|L1|L2|L9|L20,필수 5/5
S1,인적 사항 및 특성·경험 조사,,케어클 · 테크핏,6,피부 타입,L10|L10b|L1|L2|L9|L20,필수 5/5
S1,인적 사항 및 특성·경험 조사,,케어클 · 테크핏,7,"케어클의 ‘테크핏’을 체험하기 전, 다른 홈케어 뷰티 디바이스를 사용하고 계셨나요?",L10|L10b|L1|L2|L9|L20,필수 5/5
S1,인적 사항 및 특성·경험 조사,,케어클 · 테크핏,8,피부과에서 레이저/고주파 시술을 받은 경험이 있으신가요?,L10|L10b|L1|L2|L9|L20,필수 5/5
S1,인적 사항 및 특성·경험 조사,,이젠오토 · 셀케어,3,나이를 입력해주세요,L10|L10b|L1|L2|L9|L20,필수 5/5
S1,인적 사항 및 특성·경험 조사,,이젠오토 · 셀케어,4,성별을 선택해주세요,L10|L10b|L1|L2|L9|L20,필수 5/5
S1,인적 사항 및 특성·경험 조사,,이젠오토 · 셀케어,5,운전 경력을 선택해주세요,L10|L10b|L1|L2|L9|L20,필수 5/5
S1,인적 사항 및 특성·경험 조사,,이젠오토 · 셀케어,6,현재 소유하고 있는 차종을 적어주세요,L10|L10b|L1|L2|L9|L20,필수 5/5
S1,인적 사항 및 특성·경험 조사,,이젠오토 · 셀케어,8,연 주행거리(km)가 얼마나 되시나요?,L10|L10b|L1|L2|L9|L20,필수 5/5
S1,인적 사항 및 특성·경험 조사,,이젠오토 · 셀케어,9,셀프 차량 정비에 대한 경험의 수준을 선택해주세요,L10|L10b|L1|L2|L9|L20,필수 5/5
S1,인적 사항 및 특성·경험 조사,,정리습관,5,나이를 입력해주세요,L10|L10b|L1|L2|L9|L20,필수 5/5
S1,인적 사항 및 특성·경험 조사,,정리습관,6,성별을 선택해주세요,L10|L10b|L1|L2|L9|L20,필수 5/5
S1,인적 사항 및 특성·경험 조사,,정리습관,7,현재 거주 형태를 선택해주세요,L10|L10b|L1|L2|L9|L20,필수 5/5
S1,인적 사항 및 특성·경험 조사,,정리습관,8,함께 거주 중인 가족 구성원 수를 선택해주세요,L10|L10b|L1|L2|L9|L20,필수 5/5
S1,인적 사항 및 특성·경험 조사,,정리습관,9,평소 집 정리나 수납이 어렵다고 느낀 적이 있으신가요?,L10|L10b|L1|L2|L9|L20,필수 5/5
S1,인적 사항 및 특성·경험 조사,,정리습관,10,집 정리를 할 때 가장 어려운 점은 무엇인가요?,L10|L10b|L1|L2|L9|L20,필수 5/5
S1,인적 사항 및 특성·경험 조사,,정리습관,11,현재 본인 상황에 해당하는 항목을 모두 선택해주세요 (중복 선택),L10|L10b|L1|L2|L9|L20,필수 5/5
S1,인적 사항 및 특성·경험 조사,,투블럭에이아이 · 키위티,6,사용자 특성 파악 - 나이가 어떻게 되시나요? (만 나이를 기준으로 숫자만 작성해주세요),L10|L10b|L1|L2|L9|L20,필수 5/5
S1,인적 사항 및 특성·경험 조사,,투블럭에이아이 · 키위티,7,사용자 특성 파악 - 어떤 학생들을 대상으로 가르치고 계신가요?,L10|L10b|L1|L2|L9|L20,필수 5/5
S1,인적 사항 및 특성·경험 조사,,투블럭에이아이 · 키위티,8,사용자 특성 파악 - 평소 글쓰기 활동 수업을 얼마나 자주 하시나요? (한 달 기준),L10|L10b|L1|L2|L9|L20,필수 5/5
S1,인적 사항 및 특성·경험 조사,,투블럭에이아이 · 키위티,9,현재 어떤 곳에서 근무 중이신가요?,L10|L10b|L1|L2|L9|L20,필수 5/5
S2,기능별 고객 경험 평가,기능 만족도,리바랩스 · 캣독런,6,‘펫과의 산책’ 기능 만족도,L10|L10a|L1a|L9a|L10b|L9|L1b|L12|L8|L8t|L11a|L11|L24,필수 5/5
S2,기능별 고객 경험 평가,기능 만족도,리바랩스 · 캣독런,7,이유  ※ 앞 문항 귀속: ‘펫과의 산책’ 기능 만족도,L10|L10a|L1a|L9a|L10b|L9|L1b|L12|L8|L8t|L11a|L11|L24,필수 5/5
S2,기능별 고객 경험 평가,기능 만족도,리바랩스 · 캣독런,8,‘펫 성장 시스템’ 기능 만족도,L10|L10a|L1a|L9a|L10b|L9|L1b|L12|L8|L8t|L11a|L11|L24,필수 5/5
S2,기능별 고객 경험 평가,기능 만족도,리바랩스 · 캣독런,9,이유  ※ 앞 문항 귀속: ‘펫 성장 시스템’ 기능 만족도,L10|L10a|L1a|L9a|L10b|L9|L1b|L12|L8|L8t|L11a|L11|L24,필수 5/5
S2,기능별 고객 경험 평가,기능 만족도,리바랩스 · 캣독런,10,‘펫 꾸미기’ 기능 만족도,L10|L10a|L1a|L9a|L10b|L9|L1b|L12|L8|L8t|L11a|L11|L24,필수 5/5
S2,기능별 고객 경험 평가,기능 만족도,리바랩스 · 캣독런,11,이유  ※ 앞 문항 귀속: ‘펫 꾸미기’ 기능 만족도,L10|L10a|L1a|L9a|L10b|L9|L1b|L12|L8|L8t|L11a|L11|L24,필수 5/5
S2,기능별 고객 경험 평가,기능 만족도,리바랩스 · 캣독런,12,‘실시간 거점형’ 기능 만족도,L10|L10a|L1a|L9a|L10b|L9|L1b|L12|L8|L8t|L11a|L11|L24,필수 5/5
S2,기능별 고객 경험 평가,기능 만족도,리바랩스 · 캣독런,13,이유  ※ 앞 문항 귀속: ‘실시간 거점형’ 기능 만족도,L10|L10a|L1a|L9a|L10b|L9|L1b|L12|L8|L8t|L11a|L11|L24,필수 5/5
S2,기능별 고객 경험 평가,기능 만족도,리바랩스 · 캣독런,14,‘펫 교배’ 기능 만족도,L10|L10a|L1a|L9a|L10b|L9|L1b|L12|L8|L8t|L11a|L11|L24,필수 5/5
S2,기능별 고객 경험 평가,기능 만족도,리바랩스 · 캣독런,15,이유  ※ 앞 문항 귀속: ‘펫 교배’ 기능 만족도,L10|L10a|L1a|L9a|L10b|L9|L1b|L12|L8|L8t|L11a|L11|L24,필수 5/5
S2,기능별 고객 경험 평가,기능 만족도,리바랩스 · 캣독런,16,‘펫 레이싱’ 기능 만족도,L10|L10a|L1a|L9a|L10b|L9|L1b|L12|L8|L8t|L11a|L11|L24,필수 5/5
S2,기능별 고객 경험 평가,기능 만족도,리바랩스 · 캣독런,17,이유  ※ 앞 문항 귀속: ‘펫 레이싱’ 기능 만족도,L10|L10a|L1a|L9a|L10b|L9|L1b|L12|L8|L8t|L11a|L11|L24,필수 5/5
S2,기능별 고객 경험 평가,기능 만족도,케어클 · 테크핏,9,‘SHOT’ 기능에 대해 얼마나 만족하시나요?,L10|L10a|L1a|L9a|L10b|L9|L1b|L12|L8|L8t|L11a|L11|L24,필수 5/5
S2,기능별 고객 경험 평가,기능 만족도,케어클 · 테크핏,10,위와 같이 평가한 이유는 무엇인가요?  ※ 앞 문항 귀속: ‘SHOT’ 기능에 대해 얼마나 만족하시나요?,L10|L10a|L1a|L9a|L10b|L9|L1b|L12|L8|L8t|L11a|L11|L24,필수 5/5
S2,기능별 고객 경험 평가,기능 만족도,케어클 · 테크핏,11,‘GLOW’ 기능에 대해 얼마나 만족하시나요?,L10|L10a|L1a|L9a|L10b|L9|L1b|L12|L8|L8t|L11a|L11|L24,필수 5/5
S2,기능별 고객 경험 평가,기능 만족도,케어클 · 테크핏,12,위와 같이 평가한 이유는 무엇인가요?  ※ 앞 문항 귀속: ‘GLOW’ 기능에 대해 얼마나 만족하시나요?,L10|L10a|L1a|L9a|L10b|L9|L1b|L12|L8|L8t|L11a|L11|L24,필수 5/5
S2,기능별 고객 경험 평가,기능 만족도,케어클 · 테크핏,13,‘EMS’ 기능에 대해 얼마나 만족하시나요?,L10|L10a|L1a|L9a|L10b|L9|L1b|L12|L8|L8t|L11a|L11|L24,필수 5/5
S2,기능별 고객 경험 평가,기능 만족도,케어클 · 테크핏,14,위와 같이 평가한 이유는 무엇인가요?  ※ 앞 문항 귀속: ‘EMS’ 기능에 대해 얼마나 만족하시나요?,L10|L10a|L1a|L9a|L10b|L9|L1b|L12|L8|L8t|L11a|L11|L24,필수 5/5
S2,기능별 고객 경험 평가,기능 만족도,케어클 · 테크핏,15,‘모드 전환’ 기능에 대해 얼마나 만족하시나요?,L10|L10a|L1a|L9a|L10b|L9|L1b|L12|L8|L8t|L11a|L11|L24,필수 5/5
S2,기능별 고객 경험 평가,기능 만족도,케어클 · 테크핏,16,위와 같이 평가한 이유는 무엇인가요?  ※ 앞 문항 귀속: ‘모드 전환’ 기능에 대해 얼마나 만족하시나요?,L10|L10a|L1a|L9a|L10b|L9|L1b|L12|L8|L8t|L11a|L11|L24,필수 5/5
S2,기능별 고객 경험 평가,기능 만족도,케어클 · 테크핏,17,‘강도 조절’ 기능에 대해 얼마나 만족하시나요?,L10|L10a|L1a|L9a|L10b|L9|L1b|L12|L8|L8t|L11a|L11|L24,필수 5/5
S2,기능별 고객 경험 평가,기능 만족도,케어클 · 테크핏,18,위와 같이 평가한 이유는 무엇인가요?  ※ 앞 문항 귀속: ‘강도 조절’ 기능에 대해 얼마나 만족하시나요?,L10|L10a|L1a|L9a|L10b|L9|L1b|L12|L8|L8t|L11a|L11|L24,필수 5/5
S2,기능별 고객 경험 평가,기능 만족도,케어클 · 테크핏,19,‘ LED 컬러 변경’ 기능에 대해 얼마나 만족하시나요?,L10|L10a|L1a|L9a|L10b|L9|L1b|L12|L8|L8t|L11a|L11|L24,필수 5/5
S2,기능별 고객 경험 평가,기능 만족도,케어클 · 테크핏,20,위와 같이 평가한 이유는 무엇인가요?  ※ 앞 문항 귀속: ‘ LED 컬러 변경’ 기능에 대해 얼마나 만족하시나요?,L10|L10a|L1a|L9a|L10b|L9|L1b|L12|L8|L8t|L11a|L11|L24,필수 5/5
S2,기능별 고객 경험 평가,기능 만족도,케어클 · 테크핏,21,제품의 ‘ 인터페이스’ 에 대해 얼마나 만족하시나요?,L10|L10a|L1a|L9a|L10b|L9|L1b|L12|L8|L8t|L11a|L11|L24,필수 5/5
S2,기능별 고객 경험 평가,기능 만족도,케어클 · 테크핏,22,위와 같이 평가한 이유는 무엇인가요?  ※ 앞 문항 귀속: 제품의 ‘ 인터페이스’ 에 대해 얼마나 만족하시나요?,L10|L10a|L1a|L9a|L10b|L9|L1b|L12|L8|L8t|L11a|L11|L24,필수 5/5
S2,기능별 고객 경험 평가,기능 만족도,케어클 · 테크핏,23,‘ 보이스 알림’ 기능에 대해 얼마나 만족하시나요?,L10|L10a|L1a|L9a|L10b|L9|L1b|L12|L8|L8t|L11a|L11|L24,필수 5/5
S2,기능별 고객 경험 평가,기능 만족도,케어클 · 테크핏,24,위와 같이 평가한 이유는 무엇인가요?  ※ 앞 문항 귀속: ‘ 보이스 알림’ 기능에 대해 얼마나 만족하시나요?,L10|L10a|L1a|L9a|L10b|L9|L1b|L12|L8|L8t|L11a|L11|L24,필수 5/5
S2,기능별 고객 경험 평가,기능 만족도,이젠오토 · 셀케어,10,앞의 ‘고장 내용 진단’ 기능에서 체감하는 만족도는 몇 점입니까?,L10|L10a|L1a|L9a|L10b|L9|L1b|L12|L8|L8t|L11a|L11|L24,필수 5/5
S2,기능별 고객 경험 평가,기능 만족도,이젠오토 · 셀케어,11,위와 같이 평가한 이유는 무엇입니까?  ※ 앞 문항 귀속: 앞의 ‘고장 내용 진단’ 기능에서 체감하는 만족도는 몇 점입니까?,L10|L10a|L1a|L9a|L10b|L9|L1b|L12|L8|L8t|L11a|L11|L24,필수 5/5
S2,기능별 고객 경험 평가,기능 만족도,이젠오토 · 셀케어,12,앞의 ‘고장 점검 콘텐츠' 기능에서 체감하는 만족도는 몇 점입니까?,L10|L10a|L1a|L9a|L10b|L9|L1b|L12|L8|L8t|L11a|L11|L24,필수 5/5
S2,기능별 고객 경험 평가,기능 만족도,이젠오토 · 셀케어,13,위와 같이 평가한 이유는 무엇입니까?  ※ 앞 문항 귀속: 앞의 ‘고장 점검 콘텐츠' 기능에서 체감하는 만족도는 몇 점입니까?,L10|L10a|L1a|L9a|L10b|L9|L1b|L12|L8|L8t|L11a|L11|L24,필수 5/5
S2,기능별 고객 경험 평가,기능 만족도,이젠오토 · 셀케어,14,앞의 ‘셀프 정비 콘텐츠' 기능에서 체감하는 만족도는 몇 점입니까?,L10|L10a|L1a|L9a|L10b|L9|L1b|L12|L8|L8t|L11a|L11|L24,필수 5/5
S2,기능별 고객 경험 평가,기능 만족도,이젠오토 · 셀케어,15,위와 같이 평가한 이유는 무엇입니까?  ※ 앞 문항 귀속: 앞의 ‘셀프 정비 콘텐츠' 기능에서 체감하는 만족도는 몇 점입니까?,L10|L10a|L1a|L9a|L10b|L9|L1b|L12|L8|L8t|L11a|L11|L24,필수 5/5
S2,기능별 고객 경험 평가,기능 만족도,이젠오토 · 셀케어,16,"앞의 '실시간 전문가 1:1 상담' 기능에서 체감하는 만족도는 몇 점입니까? ※원본 헤더 훼손, 보고서 Q12 기준 보정",L10|L10a|L1a|L9a|L10b|L9|L1b|L12|L8|L8t|L11a|L11|L24,필수 5/5
S2,기능별 고객 경험 평가,기능 만족도,이젠오토 · 셀케어,17,"위와 같이 평가한 이유는 무엇입니까?  ※ 앞 문항 귀속: 앞의 '실시간 전문가 1:1 상담' 기능에서 체감하는 만족도는 몇 점입니까? ※원본 헤더 훼손, 보고서 Q12 기준 보정",L10|L10a|L1a|L9a|L10b|L9|L1b|L12|L8|L8t|L11a|L11|L24,필수 5/5
S2,기능별 고객 경험 평가,기능 만족도,이젠오토 · 셀케어,18,"앞의 '맞춤 부품 추천' 기능에서 체감하는 만족도는 몇 점입니까? ※원본 헤더 훼손, 보고서 Q13 기준 보정",L10|L10a|L1a|L9a|L10b|L9|L1b|L12|L8|L8t|L11a|L11|L24,필수 5/5
S2,기능별 고객 경험 평가,기능 만족도,이젠오토 · 셀케어,19,"위와 같이 평가한 이유는 무엇입니까?  ※ 앞 문항 귀속: 앞의 '맞춤 부품 추천' 기능에서 체감하는 만족도는 몇 점입니까? ※원본 헤더 훼손, 보고서 Q13 기준 보정",L10|L10a|L1a|L9a|L10b|L9|L1b|L12|L8|L8t|L11a|L11|L24,필수 5/5
S2,기능별 고객 경험 평가,기능 만족도,이젠오토 · 셀케어,20,"앞의 '리워드' 기능에서 체감하는 만족도는 몇 점입니까? ※원본 헤더 훼손, 보고서 Q14 기준 보정",L10|L10a|L1a|L9a|L10b|L9|L1b|L12|L8|L8t|L11a|L11|L24,필수 5/5
S2,기능별 고객 경험 평가,기능 만족도,이젠오토 · 셀케어,21,"위와 같이 평가한 이유는 무엇입니까?  ※ 앞 문항 귀속: 앞의 '리워드' 기능에서 체감하는 만족도는 몇 점입니까? ※원본 헤더 훼손, 보고서 Q14 기준 보정",L10|L10a|L1a|L9a|L10b|L9|L1b|L12|L8|L8t|L11a|L11|L24,필수 5/5
S2,기능별 고객 경험 평가,기능 만족도,이젠오토 · 셀케어,22,앞의 ‘커뮤니티' 기능에서 체감하는 만족도는 몇 점입니까?,L10|L10a|L1a|L9a|L10b|L9|L1b|L12|L8|L8t|L11a|L11|L24,필수 5/5
S2,기능별 고객 경험 평가,기능 만족도,이젠오토 · 셀케어,23,위와 같이 평가한 이유는 무엇입니까?  ※ 앞 문항 귀속: 앞의 ‘커뮤니티' 기능에서 체감하는 만족도는 몇 점입니까?,L10|L10a|L1a|L9a|L10b|L9|L1b|L12|L8|L8t|L11a|L11|L24,필수 5/5
S2,기능별 고객 경험 평가,기능 만족도,이젠오토 · 셀케어,24,앞의 '예약' 기능에서 체감하는 만족도는 몇 점입니까?,L10|L10a|L1a|L9a|L10b|L9|L1b|L12|L8|L8t|L11a|L11|L24,필수 5/5
S2,기능별 고객 경험 평가,기능 만족도,이젠오토 · 셀케어,25,위와 같이 평가한 이유는 무엇입니까?  ※ 앞 문항 귀속: 앞의 '예약' 기능에서 체감하는 만족도는 몇 점입니까?,L10|L10a|L1a|L9a|L10b|L9|L1b|L12|L8|L8t|L11a|L11|L24,필수 5/5
S2,기능별 고객 경험 평가,기능 만족도,정리습관,12,‘검색 - 홈페이지 – 서비스 신청’ 흐름으로 이용하셨을 때의 경험이 얼마나 만족스러우셨나요?,L10|L10a|L1a|L9a|L10b|L9|L1b|L12|L8|L8t|L11a|L11|L24,필수 5/5
S2,기능별 고객 경험 평가,기능 만족도,정리습관,13,위와 같이 평가한 이유는 무엇인가요?  ※ 앞 문항 귀속: ‘검색 - 홈페이지 – 서비스 신청’ 흐름으로 이용하셨을 때의 경험이 얼마나 만족스러우셨나요?,L10|L10a|L1a|L9a|L10b|L9|L1b|L12|L8|L8t|L11a|L11|L24,필수 5/5
S2,기능별 고객 경험 평가,기능 만족도,정리습관,14,홈페이지 첫 화면에서 ‘정리습관’이 어떤 서비스인지 쉽게 이해할 수 있었나요?,L10|L10a|L1a|L9a|L10b|L9|L1b|L12|L8|L8t|L11a|L11|L24,필수 5/5
S2,기능별 고객 경험 평가,기능 만족도,정리습관,15,위와 같이 평가한 이유는 무엇인가요?  ※ 앞 문항 귀속: 홈페이지 첫 화면에서 ‘정리습관’이 어떤 서비스인지 쉽게 이해할 수 있었나요?,L10|L10a|L1a|L9a|L10b|L9|L1b|L12|L8|L8t|L11a|L11|L24,필수 5/5
S2,기능별 고객 경험 평가,기능 만족도,정리습관,16,홈페이지를 보며 신뢰감이 들었던 부분이 있었다면 무엇이었나요?,L10|L10a|L1a|L9a|L10b|L9|L1b|L12|L8|L8t|L11a|L11|L24,필수 5/5
S2,기능별 고객 경험 평가,기능 만족도,정리습관,17,어떤 점 때문에 그렇게 느끼셨나요?,L10|L10a|L1a|L9a|L10b|L9|L1b|L12|L8|L8t|L11a|L11|L24,필수 5/5
S2,기능별 고객 경험 평가,기능 만족도,정리습관,18,‘정리의 목적’을 선택하는 과정이 얼마나 만족스러웠나요?,L10|L10a|L1a|L9a|L10b|L9|L1b|L12|L8|L8t|L11a|L11|L24,필수 5/5
S2,기능별 고객 경험 평가,기능 만족도,정리습관,19,위와 같이 평가한 이유는 무엇인가요?  ※ 앞 문항 귀속: ‘정리의 목적’을 선택하는 과정이 얼마나 만족스러웠나요?,L10|L10a|L1a|L9a|L10b|L9|L1b|L12|L8|L8t|L11a|L11|L24,필수 5/5
S2,기능별 고객 경험 평가,기능 만족도,정리습관,20,‘정리 공간’에 대한 정보를 입력하는 과정이 얼마나 만족스러웠나요?,L10|L10a|L1a|L9a|L10b|L9|L1b|L12|L8|L8t|L11a|L11|L24,필수 5/5
S2,기능별 고객 경험 평가,기능 만족도,정리습관,21,위와 같이 평가한 이유는 무엇인가요?  ※ 앞 문항 귀속: ‘정리 공간’에 대한 정보를 입력하는 과정이 얼마나 만족스러웠나요?,L10|L10a|L1a|L9a|L10b|L9|L1b|L12|L8|L8t|L11a|L11|L24,필수 5/5
S2,기능별 고객 경험 평가,기능 만족도,정리습관,22,‘정리할 물건의 양’을 선택하는 과정이 얼마나 만족스러웠나요?,L10|L10a|L1a|L9a|L10b|L9|L1b|L12|L8|L8t|L11a|L11|L24,필수 5/5
S2,기능별 고객 경험 평가,기능 만족도,정리습관,23,위와 같이 평가한 이유는 무엇인가요?  ※ 앞 문항 귀속: ‘정리할 물건의 양’을 선택하는 과정이 얼마나 만족스러웠나요?,L10|L10a|L1a|L9a|L10b|L9|L1b|L12|L8|L8t|L11a|L11|L24,필수 5/5
S2,기능별 고객 경험 평가,기능 만족도,정리습관,24,"견적 결과 화면의 구성(문구, 시각적 요소 등)이 이해하기 쉬웠나요?",L10|L10a|L1a|L9a|L10b|L9|L1b|L12|L8|L8t|L11a|L11|L24,필수 5/5
S2,기능별 고객 경험 평가,기능 만족도,정리습관,25,견적 결과가 어떻게 산출되었는지 이해할 수 있었나요?,L10|L10a|L1a|L9a|L10b|L9|L1b|L12|L8|L8t|L11a|L11|L24,필수 5/5
S2,기능별 고객 경험 평가,기능 만족도,정리습관,26,견적 결과를 보고 서비스가 얼마나 신뢰할 만하다고 느끼셨나요?,L10|L10a|L1a|L9a|L10b|L9|L1b|L12|L8|L8t|L11a|L11|L24,필수 5/5
S2,기능별 고객 경험 평가,기능 만족도,정리습관,27,‘예상 견적’을 확인하는 과정이 얼마나 만족스러웠나요?,L10|L10a|L1a|L9a|L10b|L9|L1b|L12|L8|L8t|L11a|L11|L24,필수 5/5
S2,기능별 고객 경험 평가,기능 만족도,정리습관,28,위와 같이 평가한 이유는 무엇인가요?  ※ 앞 문항 귀속: ‘예상 견적’을 확인하는 과정이 얼마나 만족스러웠나요?,L10|L10a|L1a|L9a|L10b|L9|L1b|L12|L8|L8t|L11a|L11|L24,필수 5/5
S2,기능별 고객 경험 평가,기능 만족도,정리습관,29,전체 서비스 신청 단계(정리 목적 선택~견적 확인)의 흐름이 이해하기 쉬웠나요?,L10|L10a|L1a|L9a|L10b|L9|L1b|L12|L8|L8t|L11a|L11|L24,필수 5/5
S2,기능별 고객 경험 평가,기능 만족도,정리습관,30,위와 같이 평가한 이유는 무엇인가요?  ※ 앞 문항 귀속: 전체 서비스 신청 단계(정리 목적 선택~견적 확인)의 흐름이 이해하기 쉬웠나요?,L10|L10a|L1a|L9a|L10b|L9|L1b|L12|L8|L8t|L11a|L11|L24,필수 5/5
S2,기능별 고객 경험 평가,기능 만족도,정리습관,31,각 단계의 목적과 입력 정보가 명확하게 이해되었나요?,L10|L10a|L1a|L9a|L10b|L9|L1b|L12|L8|L8t|L11a|L11|L24,필수 5/5
S2,기능별 고객 경험 평가,기능 만족도,정리습관,32,위와 같이 평가한 이유는 무엇인가요?  ※ 앞 문항 귀속: 각 단계의 목적과 입력 정보가 명확하게 이해되었나요?,L10|L10a|L1a|L9a|L10b|L9|L1b|L12|L8|L8t|L11a|L11|L24,필수 5/5
S2,기능별 고객 경험 평가,기능 만족도,정리습관,33,진행 중 이해하기 어렵거나 부담스러웠던 단계가 있었다면 어떤 부분이었나요? (중복 선택),L10|L10a|L1a|L9a|L10b|L9|L1b|L12|L8|L8t|L11a|L11|L24,필수 5/5
S2,기능별 고객 경험 평가,기능 만족도,투블럭에이아이 · 키위티,10,Q1. '마이 홈'에 대한 만족도는 몇 점입니까? - 만족도는 몇 점인가요?,L10|L10a|L1a|L9a|L10b|L9|L1b|L12|L8|L8t|L11a|L11|L24,필수 5/5
S2,기능별 고객 경험 평가,기능 만족도,투블럭에이아이 · 키위티,11,Q1. '마이 홈'에 대한 만족도는 몇 점입니까? - 본 기능을 사용하시면서 불편했던 점을 말씀해주세요.,L10|L10a|L1a|L9a|L10b|L9|L1b|L12|L8|L8t|L11a|L11|L24,필수 5/5
S2,기능별 고객 경험 평가,기능 만족도,투블럭에이아이 · 키위티,12,Q1. '마이 홈'에 대한 만족도는 몇 점입니까? - 개선 포인트가 있다면 작성해주세요.,L10|L10a|L1a|L9a|L10b|L9|L1b|L12|L8|L8t|L11a|L11|L24,필수 5/5
S2,기능별 고객 경험 평가,기능 만족도,투블럭에이아이 · 키위티,13,Q2. '계정 관리'에 대한 만족도는 몇 점입니까? - 만족도는 몇 점인가요?,L10|L10a|L1a|L9a|L10b|L9|L1b|L12|L8|L8t|L11a|L11|L24,필수 5/5
S2,기능별 고객 경험 평가,기능 만족도,투블럭에이아이 · 키위티,14,Q2. '계정 관리'에 대한 만족도는 몇 점입니까? - 본 기능을 사용하시면서 불편했던 점을 말씀해주세요.,L10|L10a|L1a|L9a|L10b|L9|L1b|L12|L8|L8t|L11a|L11|L24,필수 5/5
S2,기능별 고객 경험 평가,기능 만족도,투블럭에이아이 · 키위티,15,Q2. '계정 관리'에 대한 만족도는 몇 점입니까? - 개선 포인트가 있다면 작성해주세요.,L10|L10a|L1a|L9a|L10b|L9|L1b|L12|L8|L8t|L11a|L11|L24,필수 5/5
S2,기능별 고객 경험 평가,기능 만족도,투블럭에이아이 · 키위티,16,Q3. '학생/Class 관리'에 대한 만족도는 몇 점입니까? - 만족도는 몇 점인가요?,L10|L10a|L1a|L9a|L10b|L9|L1b|L12|L8|L8t|L11a|L11|L24,필수 5/5
S2,기능별 고객 경험 평가,기능 만족도,투블럭에이아이 · 키위티,17,Q3. '학생/Class 관리'에 대한 만족도는 몇 점입니까? - 본 기능을 사용하시면서 불편했던 점을 말씀해주세요.,L10|L10a|L1a|L9a|L10b|L9|L1b|L12|L8|L8t|L11a|L11|L24,필수 5/5
S2,기능별 고객 경험 평가,기능 만족도,투블럭에이아이 · 키위티,18,Q3. '학생/Class 관리'에 대한 만족도는 몇 점입니까? - 개선 포인트가 있다면 작성해주세요.,L10|L10a|L1a|L9a|L10b|L9|L1b|L12|L8|L8t|L11a|L11|L24,필수 5/5
S2,기능별 고객 경험 평가,기능 만족도,투블럭에이아이 · 키위티,19,Q4. '평가 관리'에 대한 만족도는 몇 점입니까? - 만족도는 몇 점인가요?,L10|L10a|L1a|L9a|L10b|L9|L1b|L12|L8|L8t|L11a|L11|L24,필수 5/5
S2,기능별 고객 경험 평가,기능 만족도,투블럭에이아이 · 키위티,20,Q4. '평가 관리'에 대한 만족도는 몇 점입니까? - 본 기능을 사용하시면서 불편했던 점을 말씀해주세요.,L10|L10a|L1a|L9a|L10b|L9|L1b|L12|L8|L8t|L11a|L11|L24,필수 5/5
S2,기능별 고객 경험 평가,기능 만족도,투블럭에이아이 · 키위티,21,Q4. '평가 관리'에 대한 만족도는 몇 점입니까? - 개선 포인트가 있다면 작성해주세요.,L10|L10a|L1a|L9a|L10b|L9|L1b|L12|L8|L8t|L11a|L11|L24,필수 5/5
S2,기능별 고객 경험 평가,기능 만족도,투블럭에이아이 · 키위티,22,Q5. '과제 관리'에 대한 만족도는 몇 점입니까? - 만족도는 몇 점인가요?,L10|L10a|L1a|L9a|L10b|L9|L1b|L12|L8|L8t|L11a|L11|L24,필수 5/5
S2,기능별 고객 경험 평가,기능 만족도,투블럭에이아이 · 키위티,23,Q5. '과제 관리'에 대한 만족도는 몇 점입니까? - 본 기능을 사용하시면서 불편했던 점을 말씀해주세요.,L10|L10a|L1a|L9a|L10b|L9|L1b|L12|L8|L8t|L11a|L11|L24,필수 5/5
S2,기능별 고객 경험 평가,기능 만족도,투블럭에이아이 · 키위티,24,Q5. '과제 관리'에 대한 만족도는 몇 점입니까? - 개선 포인트가 있다면 작성해주세요.,L10|L10a|L1a|L9a|L10b|L9|L1b|L12|L8|L8t|L11a|L11|L24,필수 5/5
S2,기능별 고객 경험 평가,기능 만족도,투블럭에이아이 · 키위티,25,Q6. '리포트'에 대한 만족도는 몇 점입니까? - 만족도는 몇 점인가요?,L10|L10a|L1a|L9a|L10b|L9|L1b|L12|L8|L8t|L11a|L11|L24,필수 5/5
S2,기능별 고객 경험 평가,기능 만족도,투블럭에이아이 · 키위티,26,Q6. '리포트'에 대한 만족도는 몇 점입니까? - 본 기능을 사용하시면서 불편했던 점을 말씀해주세요.,L10|L10a|L1a|L9a|L10b|L9|L1b|L12|L8|L8t|L11a|L11|L24,필수 5/5
S2,기능별 고객 경험 평가,기능 만족도,투블럭에이아이 · 키위티,27,Q6. '리포트'에 대한 만족도는 몇 점입니까? - 개선 포인트가 있다면 작성해주세요.,L10|L10a|L1a|L9a|L10b|L9|L1b|L12|L8|L8t|L11a|L11|L24,필수 5/5
S2,기능별 고객 경험 평가,기능 중요 순위,리바랩스 · 캣독런,18,1위,L5|L9a|L6|L6a,필수 5/5
S2,기능별 고객 경험 평가,기능 중요 순위,리바랩스 · 캣독런,19,2위,L5|L9a|L6|L6a,필수 5/5
S2,기능별 고객 경험 평가,기능 중요 순위,리바랩스 · 캣독런,20,3위,L5|L9a|L6|L6a,필수 5/5
S2,기능별 고객 경험 평가,기능 중요 순위,리바랩스 · 캣독런,21,4위,L5|L9a|L6|L6a,필수 5/5
S2,기능별 고객 경험 평가,기능 중요 순위,리바랩스 · 캣독런,22,5위,L5|L9a|L6|L6a,필수 5/5
S2,기능별 고객 경험 평가,기능 중요 순위,리바랩스 · 캣독런,23,6위,L5|L9a|L6|L6a,필수 5/5
S2,기능별 고객 경험 평가,기능 중요 순위,투블럭에이아이 · 키위티,28,Q7. 앞선 6가지 기능 중 중요하다고 생각되는 순위를 1위부터 6위까지 순서대로 작성해주세요. - 마이홈,L5|L9a|L6|L6a,필수 5/5
S2,기능별 고객 경험 평가,기능 중요 순위,투블럭에이아이 · 키위티,29,Q7. 앞선 6가지 기능 중 중요하다고 생각되는 순위를 1위부터 6위까지 순서대로 작성해주세요. - 계정 관리,L5|L9a|L6|L6a,필수 5/5
S2,기능별 고객 경험 평가,기능 중요 순위,투블럭에이아이 · 키위티,30,Q7. 앞선 6가지 기능 중 중요하다고 생각되는 순위를 1위부터 6위까지 순서대로 작성해주세요. - 학생/Class 관리,L5|L9a|L6|L6a,필수 5/5
S2,기능별 고객 경험 평가,기능 중요 순위,투블럭에이아이 · 키위티,31,Q7. 앞선 6가지 기능 중 중요하다고 생각되는 순위를 1위부터 6위까지 순서대로 작성해주세요. - 평가 관리,L5|L9a|L6|L6a,필수 5/5
S2,기능별 고객 경험 평가,기능 중요 순위,투블럭에이아이 · 키위티,32,Q7. 앞선 6가지 기능 중 중요하다고 생각되는 순위를 1위부터 6위까지 순서대로 작성해주세요. - 과제 관리,L5|L9a|L6|L6a,필수 5/5
S2,기능별 고객 경험 평가,기능 중요 순위,투블럭에이아이 · 키위티,33,Q7. 앞선 6가지 기능 중 중요하다고 생각되는 순위를 1위부터 6위까지 순서대로 작성해주세요. - 키위티 리포트,L5|L9a|L6|L6a,필수 5/5
S3,타사 서비스 경험 조사,,리바랩스 · 캣독런,24,캣독런 외 걷기 서비스 경험 유무,L10b|L1|L9|L14,조건부 4/5
S3,타사 서비스 경험 조사,,리바랩스 · 캣독런,25,사용해본 걷기 서비스,L10b|L1|L9|L14,조건부 4/5
S3,타사 서비스 경험 조사,,리바랩스 · 캣독런,26,해당 서비스 만족도,L10b|L1|L9|L14,조건부 4/5
S3,타사 서비스 경험 조사,,리바랩스 · 캣독런,27,이유  ※ 앞 문항 귀속: 해당 서비스 만족도,L10b|L1|L9|L14,조건부 4/5
S3,타사 서비스 경험 조사,,케어클 · 테크핏,25,테크핏 외에 다른 홈케어 디바이스를 사용하신 경험이있으십니까?,L10b|L1|L9|L14,조건부 4/5
S3,타사 서비스 경험 조사,,케어클 · 테크핏,26,어떤 뷰티 디바이스를 사용해 보셨나요?,L10b|L1|L9|L14,조건부 4/5
S3,타사 서비스 경험 조사,,케어클 · 테크핏,27,경험하신 제품에 대해 얼마나 만족하시나요?,L10b|L1|L9|L14,조건부 4/5
S3,타사 서비스 경험 조사,,케어클 · 테크핏,28,위와 같이 평가한 이유는 무엇인가요?  ※ 앞 문항 귀속: 경험하신 제품에 대해 얼마나 만족하시나요?,L10b|L1|L9|L14,조건부 4/5
S3,타사 서비스 경험 조사,,이젠오토 · 셀케어,26,차량 정비 관련하여 과거에 사용했던 서비스 중 만족했던 서비스가 있으십니까?,L10b|L1|L9|L14,조건부 4/5
S3,타사 서비스 경험 조사,,이젠오토 · 셀케어,27,있으시다면 어떤 서비스를 경험하셨는지 서비스의 이름을 적어주세요.,L10b|L1|L9|L14,조건부 4/5
S3,타사 서비스 경험 조사,,이젠오토 · 셀케어,28,경험하신 서비스의 기억에 남는 장점은 무엇이었습니까?,L10b|L1|L9|L14,조건부 4/5
S3,타사 서비스 경험 조사,,이젠오토 · 셀케어,29,경험하신 서비스의 기억에 남는 단점은 무엇이었습니까?,L10b|L1|L9|L14,조건부 4/5
S3,타사 서비스 경험 조사,,이젠오토 · 셀케어,30,경험하신 서비스에 대한 만족도는 몇 점입니까?,L10b|L1|L9|L14,조건부 4/5
S3,타사 서비스 경험 조사,,이젠오토 · 셀케어,31,위와 같이 평가한 이유는 무엇입니까?  ※ 앞 문항 귀속: 경험하신 서비스에 대한 만족도는 몇 점입니까?,L10b|L1|L9|L14,조건부 4/5
S3,타사 서비스 경험 조사,,정리습관,34,정리/수납 또는 청소·이사 등 견적 기반 홈서비스 관련 서비스를 직접 이용해본 적이 있나요?,L10b|L1|L9|L14,조건부 4/5
S3,타사 서비스 경험 조사,,정리습관,35,이용해본 서비스명을 적어주세요,L10b|L1|L9|L14,조건부 4/5
S3,타사 서비스 경험 조사,,정리습관,36,"해당 서비스를 이용하는 과정이 얼마나 만족스러웠나요? ※원본 헤더 훼손, 보고서 Q32 기준 보정",L10b|L1|L9|L14,조건부 4/5
S3,타사 서비스 경험 조사,,정리습관,37,해당 서비스에서 만족스러웠던 점은 무엇이었나요?,L10b|L1|L9|L14,조건부 4/5
S3,타사 서비스 경험 조사,,정리습관,38,해당 서비스에서 아쉬웠던 점은 무엇이었나요?,L10b|L1|L9|L14,조건부 4/5
S4,고객 여정 기반 경험 평가,,케어클 · 테크핏,29,‘테크핏’을 어느 정도 주기로 사용하셨나요?,L10|L10a|L10b|L1|L13|L13a|L9|L11,조건부 1/5
S4,고객 여정 기반 경험 평가,,케어클 · 테크핏,30,"‘테크핏’을 한 번 사용하실 때, 사용 시간은 어느 정도 되시나요?",L10|L10a|L10b|L1|L13|L13a|L9|L11,조건부 1/5
S4,고객 여정 기반 경험 평가,,케어클 · 테크핏,31,‘테크핏’이 담긴 박스를 처음 받아보셨을 때 첫인상은 어떠셨나요?,L10|L10a|L10b|L1|L13|L13a|L9|L11,조건부 1/5
S4,고객 여정 기반 경험 평가,,케어클 · 테크핏,32,‘테크핏’이 담긴 박스를 처음 열어보셨을 때 느낌은 어떠셨나요?,L10|L10a|L10b|L1|L13|L13a|L9|L11,조건부 1/5
S4,고객 여정 기반 경험 평가,,케어클 · 테크핏,33,‘테크핏’을 처음 사용하셨을 때 전반적인 과정은 어떠셨나요?,L10|L10a|L10b|L1|L13|L13a|L9|L11,조건부 1/5
S4,고객 여정 기반 경험 평가,,케어클 · 테크핏,34,"약 일주일 동안 사용해 보신 후, 제품에 대한 만족도는 몇 점인가요?",L10|L10a|L10b|L1|L13|L13a|L9|L11,조건부 1/5
S4,고객 여정 기반 경험 평가,,케어클 · 테크핏,35,"2주간 사용을 마치신 후, 제품에 대한 만족도는 몇 점인가요?",L10|L10a|L10b|L1|L13|L13a|L9|L11,조건부 1/5
S5,핵심구매요소,단일선택,리바랩스 · 캣독런,28,가장 영향을 미칠 수 있는 핵심 요인,L10|L10a|L1|L9|L24,필수 5/5
S5,핵심구매요소,단일선택,리바랩스 · 캣독런,29,이유  ※ 앞 문항 귀속: 가장 영향을 미칠 수 있는 핵심 요인,L10|L10a|L1|L9|L24,필수 5/5
S5,핵심구매요소,단일선택,이젠오토 · 셀케어,32,셀케어 서비스를 이용함에 있어서 가장 영향을 미칠수 있는 핵심 요인은 무엇이라고 생각하십니까?,L10|L10a|L1|L9|L24,필수 5/5
S5,핵심구매요소,단일선택,정리습관,39,‘정리습관’ 서비스를 이용할 때 가장 크게 영향을 미칠 수 있는 요인은 무엇이라고 생각하시나요?,L10|L10a|L1|L9|L24,필수 5/5
S5,핵심구매요소,단일선택,정리습관,40,위와 같이 평가한 이유는 무엇인가요?  ※ 앞 문항 귀속: ‘정리습관’ 서비스를 이용할 때 가장 크게 영향을 미칠 수 있는 요인은 무엇이라고 생각하시나요?,L10|L10a|L1|L9|L24,필수 5/5
S5,핵심구매요소,구매요소 순위,케어클 · 테크핏,36,1위,L1|L9,필수 5/5
S5,핵심구매요소,구매요소 순위,케어클 · 테크핏,37,2위,L1|L9,필수 5/5
S5,핵심구매요소,구매요소 순위,케어클 · 테크핏,38,3위,L1|L9,필수 5/5
S5,핵심구매요소,구매요소 순위,케어클 · 테크핏,39,4위,L1|L9,필수 5/5
S5,핵심구매요소,구매요소 순위,케어클 · 테크핏,40,5위,L1|L9,필수 5/5
S5,핵심구매요소,구매요소 순위,케어클 · 테크핏,41,6위,L1|L9,필수 5/5
S5,핵심구매요소,구매요소 순위,케어클 · 테크핏,42,7위,L1|L9,필수 5/5
S5,핵심구매요소,구매요소 순위,케어클 · 테크핏,43,8위,L1|L9,필수 5/5
S5,핵심구매요소,구매요소 순위,투블럭에이아이 · 키위티,34,Q8. 글 첨삭 서비스를 구매(혹은 이용 결정)함에 있어서 가장 영향을 미칠 수 있는 핵심 요인은 무엇이라고 생각하십니까? - 사용 편의성,L1|L9,필수 5/5
S5,핵심구매요소,구매요소 순위,투블럭에이아이 · 키위티,35,Q8. 글 첨삭 서비스를 구매(혹은 이용 결정)함에 있어서 가장 영향을 미칠 수 있는 핵심 요인은 무엇이라고 생각하십니까? - 디자인,L1|L9,필수 5/5
S5,핵심구매요소,구매요소 순위,투블럭에이아이 · 키위티,36,Q8. 글 첨삭 서비스를 구매(혹은 이용 결정)함에 있어서 가장 영향을 미칠 수 있는 핵심 요인은 무엇이라고 생각하십니까? - 가격 경쟁력,L1|L9,필수 5/5
S5,핵심구매요소,구매요소 순위,투블럭에이아이 · 키위티,37,Q8. 글 첨삭 서비스를 구매(혹은 이용 결정)함에 있어서 가장 영향을 미칠 수 있는 핵심 요인은 무엇이라고 생각하십니까? - 기술적 트렌드,L1|L9,필수 5/5
S5,핵심구매요소,구매요소 순위,투블럭에이아이 · 키위티,38,Q8. 글 첨삭 서비스를 구매(혹은 이용 결정)함에 있어서 가장 영향을 미칠 수 있는 핵심 요인은 무엇이라고 생각하십니까? - 첨삭 정확도,L1|L9,필수 5/5
S5,핵심구매요소,구매요소 순위,투블럭에이아이 · 키위티,39,Q8. 글 첨삭 서비스를 구매(혹은 이용 결정)함에 있어서 가장 영향을 미칠 수 있는 핵심 요인은 무엇이라고 생각하십니까? - 이용 자유도,L1|L9,필수 5/5
S5,핵심구매요소,구매요소별 만족도,정리습관,41,사용 편의성 만족,L10b|L9|L27,필수 5/5
S5,핵심구매요소,구매요소별 만족도,정리습관,42,위와 같이 평가한 이유는 무엇인가요?  ※ 앞 문항 귀속: 사용 편의성 만족,L10b|L9|L27,필수 5/5
S5,핵심구매요소,구매요소별 만족도,정리습관,43,서비스 신뢰도 만족,L10b|L9|L27,필수 5/5
S5,핵심구매요소,구매요소별 만족도,정리습관,44,위와 같이 평가한 이유는 무엇인가요?  ※ 앞 문항 귀속: 서비스 신뢰도 만족,L10b|L9|L27,필수 5/5
S5,핵심구매요소,구매요소별 만족도,정리습관,45,가격 만족,L10b|L9|L27,필수 5/5
S5,핵심구매요소,구매요소별 만족도,정리습관,46,위와 같이 평가한 이유는 무엇인가요?  ※ 앞 문항 귀속: 가격 만족,L10b|L9|L27,필수 5/5
S5,핵심구매요소,구매요소별 만족도,정리습관,47,소요시간 만족,L10b|L9|L27,필수 5/5
S5,핵심구매요소,구매요소별 만족도,정리습관,48,위와 같이 평가한 이유는 무엇인가요?  ※ 앞 문항 귀속: 소요시간 만족,L10b|L9|L27,필수 5/5
S5,핵심구매요소,구매요소별 만족도,투블럭에이아이 · 키위티,42,핵심구매요소 만족도 평가 - Q9. 키위티를 선택함에 있어 ‘사용 편의성’ 요소에 대한 만족도는 몇 점입니까?,L10b|L9|L27,필수 5/5
S5,핵심구매요소,구매요소별 만족도,투블럭에이아이 · 키위티,43,핵심구매요소 만족도 평가 - Q10. 키위티를 선택함에 있어 ‘디자인’ 요소에 대한 만족도는 몇 점입니까?,L10b|L9|L27,필수 5/5
S5,핵심구매요소,구매요소별 만족도,투블럭에이아이 · 키위티,44,핵심구매요소 만족도 평가 - Q11. 키위티를 선택함에 있어 ‘가격 경쟁력’ 요소에 대한 만족도는 몇 점입니까?,L10b|L9|L27,필수 5/5
S5,핵심구매요소,구매요소별 만족도,투블럭에이아이 · 키위티,45,핵심구매요소 만족도 평가 - Q12. 키위티를 선택함에 있어 ‘기술적 트렌드’ 요소에 대한 만족도는 몇 점입니까?,L10b|L9|L27,필수 5/5
S5,핵심구매요소,구매요소별 만족도,투블럭에이아이 · 키위티,46,핵심구매요소 만족도 평가 - Q13. 키위티를 선택함에 있어 ‘첨삭 정확도’ 요소에 대한 만족도는 몇 점입니까?,L10b|L9|L27,필수 5/5
S5,핵심구매요소,구매요소별 만족도,투블럭에이아이 · 키위티,47,핵심구매요소 만족도 평가 - Q14. 키위티를 선택함에 있어 ‘이용 자유도’ 요소에 대한 만족도는 몇 점입니까?,L10b|L9|L27,필수 5/5
S6,4대 가치 만족도,,리바랩스 · 캣독런,30,기능적 가치 만족도,L10|L10a|L10b|L9|L25|L26|L1a,조건부 4/5
S6,4대 가치 만족도,,리바랩스 · 캣독런,31,이유  ※ 앞 문항 귀속: 기능적 가치 만족도,L10|L10a|L10b|L9|L25|L26|L1a,조건부 4/5
S6,4대 가치 만족도,,리바랩스 · 캣독런,32,심미적 가치 만족도,L10|L10a|L10b|L9|L25|L26|L1a,조건부 4/5
S6,4대 가치 만족도,,리바랩스 · 캣독런,33,이유  ※ 앞 문항 귀속: 심미적 가치 만족도,L10|L10a|L10b|L9|L25|L26|L1a,조건부 4/5
S6,4대 가치 만족도,,리바랩스 · 캣독런,34,경제적 가치 만족도,L10|L10a|L10b|L9|L25|L26|L1a,조건부 4/5
S6,4대 가치 만족도,,리바랩스 · 캣독런,35,이유  ※ 앞 문항 귀속: 경제적 가치 만족도,L10|L10a|L10b|L9|L25|L26|L1a,조건부 4/5
S6,4대 가치 만족도,,리바랩스 · 캣독런,36,사회·공공적 이슈 가치 만족도,L10|L10a|L10b|L9|L25|L26|L1a,조건부 4/5
S6,4대 가치 만족도,,리바랩스 · 캣독런,37,이유  ※ 앞 문항 귀속: 사회·공공적 이슈 가치 만족도,L10|L10a|L10b|L9|L25|L26|L1a,조건부 4/5
S6,4대 가치 만족도,,케어클 · 테크핏,44,기능적 가치 영역 만족도,L10|L10a|L10b|L9|L25|L26|L1a,조건부 4/5
S6,4대 가치 만족도,,케어클 · 테크핏,45,위와 같이 평가한 이유는 무엇인가요?  ※ 앞 문항 귀속: 기능적 가치 영역 만족도,L10|L10a|L10b|L9|L25|L26|L1a,조건부 4/5
S6,4대 가치 만족도,,케어클 · 테크핏,46,경제적 가치 영역 만족도,L10|L10a|L10b|L9|L25|L26|L1a,조건부 4/5
S6,4대 가치 만족도,,케어클 · 테크핏,47,위와 같이 평가한 이유는 무엇인가요?  ※ 앞 문항 귀속: 경제적 가치 영역 만족도,L10|L10a|L10b|L9|L25|L26|L1a,조건부 4/5
S6,4대 가치 만족도,,케어클 · 테크핏,48,심미적 가치 영역 만족도,L10|L10a|L10b|L9|L25|L26|L1a,조건부 4/5
S6,4대 가치 만족도,,케어클 · 테크핏,49,위와 같이 평가한 이유는 무엇인가요?  ※ 앞 문항 귀속: 심미적 가치 영역 만족도,L10|L10a|L10b|L9|L25|L26|L1a,조건부 4/5
S6,4대 가치 만족도,,케어클 · 테크핏,50,사회·공공적 이슈 가치 영역 만족도,L10|L10a|L10b|L9|L25|L26|L1a,조건부 4/5
S6,4대 가치 만족도,,케어클 · 테크핏,51,위와 같이 평가한 이유는 무엇인가요?  ※ 앞 문항 귀속: 사회·공공적 이슈 가치 영역 만족도,L10|L10a|L10b|L9|L25|L26|L1a,조건부 4/5
S6,4대 가치 만족도,,이젠오토 · 셀케어,33,셀케어의 기능적 가치 영역에 대한 만족도는 몇 점입니까?,L10|L10a|L10b|L9|L25|L26|L1a,조건부 4/5
S6,4대 가치 만족도,,이젠오토 · 셀케어,34,위와 같이 평가한 이유는 무엇입니까?  ※ 앞 문항 귀속: 셀케어의 기능적 가치 영역에 대한 만족도는 몇 점입니까?,L10|L10a|L10b|L9|L25|L26|L1a,조건부 4/5
S6,4대 가치 만족도,,이젠오토 · 셀케어,35,본 서비스를 경험해보고 가장 인상 깊었던 기능은 무엇이었습니까?,L10|L10a|L10b|L9|L25|L26|L1a,조건부 4/5
S6,4대 가치 만족도,,이젠오토 · 셀케어,36,셀케어의 심미적 가치 영역에 대한 만족도는 몇 점입니까?,L10|L10a|L10b|L9|L25|L26|L1a,조건부 4/5
S6,4대 가치 만족도,,이젠오토 · 셀케어,37,위와 같이 평가한 이유는 무엇입니까?  ※ 앞 문항 귀속: 셀케어의 심미적 가치 영역에 대한 만족도는 몇 점입니까?,L10|L10a|L10b|L9|L25|L26|L1a,조건부 4/5
S6,4대 가치 만족도,,이젠오토 · 셀케어,38,"셀케어에 위와 같은 구독 플랜이 추가된다면, 구독 시 사용자가 얻을 수 있는 경제적 가치 영역에 대한 만족도는 몇 점입니까?",L10|L10a|L10b|L9|L25|L26|L1a,조건부 4/5
S6,4대 가치 만족도,,이젠오토 · 셀케어,39,"위와 같이 평가한 이유는 무엇입니까?  ※ 앞 문항 귀속: 셀케어에 위와 같은 구독 플랜이 추가된다면, 구독 시 사용자가 얻을 수 있는 경제적 가치 영역에 대한 만족도는 몇 점입니까?",L10|L10a|L10b|L9|L25|L26|L1a,조건부 4/5
S6,4대 가치 만족도,,이젠오토 · 셀케어,40,셀케어의 사회적 가치 영역에 대한 만족도는 몇 점입니까?,L10|L10a|L10b|L9|L25|L26|L1a,조건부 4/5
S6,4대 가치 만족도,,이젠오토 · 셀케어,41,위와 같이 평가한 이유는 무엇입니까?  ※ 앞 문항 귀속: 셀케어의 사회적 가치 영역에 대한 만족도는 몇 점입니까?,L10|L10a|L10b|L9|L25|L26|L1a,조건부 4/5
S6,4대 가치 만족도,,투블럭에이아이 · 키위티,48,4대 가치별 만족도 조사 - Q15. 키위티의 기능적 가치 영역(앞서 제시한 모든 기능)에 대한 만족도는 몇 점입니까?,L10|L10a|L10b|L9|L25|L26|L1a,조건부 4/5
S6,4대 가치 만족도,,투블럭에이아이 · 키위티,49,4대 가치별 만족도 조사 - Q16. 키위티의 경제적 가치 영역에 대한 만족도는 몇 점입니까?,L10|L10a|L10b|L9|L25|L26|L1a,조건부 4/5
S6,4대 가치 만족도,,투블럭에이아이 · 키위티,50,"4대 가치별 만족도 조사 - Q17. 키위티의 심미적 가치 영역(디자인, 화면 구성 및 레이아웃, 색상, 폰트 등)에 대한 만족도는 몇 점입니까?",L10|L10a|L10b|L9|L25|L26|L1a,조건부 4/5
S6,4대 가치 만족도,,투블럭에이아이 · 키위티,51,4대 가치별 만족도 조사 - Q18. 키위티의 사회·공공적 가치 영역(지역 간 교육 격차 감소 등)에 대한 만족도는 몇 점입니까?,L10|L10a|L10b|L9|L25|L26|L1a,조건부 4/5
S7,사용자 경험 품질 평가,,리바랩스 · 캣독런,38,실용성1) 조작 편의성,L10|L10a|L10b|L4|L9|L11,조건부 1/5
S7,사용자 경험 품질 평가,,리바랩스 · 캣독런,39,이유  ※ 앞 문항 귀속: 실용성1) 조작 편의성,L10|L10a|L10b|L4|L9|L11,조건부 1/5
S7,사용자 경험 품질 평가,,리바랩스 · 캣독런,40,즐거움1) 재미·흥미도,L10|L10a|L10b|L4|L9|L11,조건부 1/5
S7,사용자 경험 품질 평가,,리바랩스 · 캣독런,41,이유  ※ 앞 문항 귀속: 즐거움1) 재미·흥미도,L10|L10a|L10b|L4|L9|L11,조건부 1/5
S7,사용자 경험 품질 평가,,리바랩스 · 캣독런,42,실용성2) 게임 진행 자연스러움,L10|L10a|L10b|L4|L9|L11,조건부 1/5
S7,사용자 경험 품질 평가,,리바랩스 · 캣독런,43,이유  ※ 앞 문항 귀속: 실용성2) 게임 진행 자연스러움,L10|L10a|L10b|L4|L9|L11,조건부 1/5
S7,사용자 경험 품질 평가,,리바랩스 · 캣독런,44,즐거움2) 몰입도,L10|L10a|L10b|L4|L9|L11,조건부 1/5
S7,사용자 경험 품질 평가,,리바랩스 · 캣독런,45,이유  ※ 앞 문항 귀속: 즐거움2) 몰입도,L10|L10a|L10b|L4|L9|L11,조건부 1/5
S7,사용자 경험 품질 평가,,리바랩스 · 캣독런,46,실용성3) 화면·메뉴 설계 품질,L10|L10a|L10b|L4|L9|L11,조건부 1/5
S7,사용자 경험 품질 평가,,리바랩스 · 캣독런,47,이유  ※ 앞 문항 귀속: 실용성3) 화면·메뉴 설계 품질,L10|L10a|L10b|L4|L9|L11,조건부 1/5
S7,사용자 경험 품질 평가,,리바랩스 · 캣독런,48,즐거움3) 재플레이 의지,L10|L10a|L10b|L4|L9|L11,조건부 1/5
S7,사용자 경험 품질 평가,,리바랩스 · 캣독런,49,이유  ※ 앞 문항 귀속: 즐거움3) 재플레이 의지,L10|L10a|L10b|L4|L9|L11,조건부 1/5
S7,사용자 경험 품질 평가,,리바랩스 · 캣독런,50,실용성4) 규칙·목표 이해 용이성,L10|L10a|L10b|L4|L9|L11,조건부 1/5
S7,사용자 경험 품질 평가,,리바랩스 · 캣독런,51,이유  ※ 앞 문항 귀속: 실용성4) 규칙·목표 이해 용이성,L10|L10a|L10b|L4|L9|L11,조건부 1/5
S7,사용자 경험 품질 평가,,리바랩스 · 캣독런,52,즐거움4) 차별성·독창성,L10|L10a|L10b|L4|L9|L11,조건부 1/5
S7,사용자 경험 품질 평가,,리바랩스 · 캣독런,53,이유  ※ 앞 문항 귀속: 즐거움4) 차별성·독창성,L10|L10a|L10b|L4|L9|L11,조건부 1/5
S8,종합 만족도 및 NPS 지수,종합 만족도,리바랩스 · 캣독런,54,전반적인 만족도,L1|L9|L11,필수 5/5
S8,종합 만족도 및 NPS 지수,종합 만족도,리바랩스 · 캣독런,55,이유  ※ 앞 문항 귀속: 전반적인 만족도,L1|L9|L11,필수 5/5
S8,종합 만족도 및 NPS 지수,종합 만족도,케어클 · 테크핏,52,전반적인 만족도(종합 점수),L1|L9|L11,필수 5/5
S8,종합 만족도 및 NPS 지수,종합 만족도,케어클 · 테크핏,53,위와 같이 평가한 이유는 무엇인가요?  ※ 앞 문항 귀속: 전반적인 만족도(종합 점수),L1|L9|L11,필수 5/5
S8,종합 만족도 및 NPS 지수,종합 만족도,이젠오토 · 셀케어,44,셀케어의 전반적인 만족도(종합 점수)는 몇 점입니까?,L1|L9|L11,필수 5/5
S8,종합 만족도 및 NPS 지수,종합 만족도,정리습관,49,전반적인 만족도(종합 점수),L1|L9|L11,필수 5/5
S8,종합 만족도 및 NPS 지수,종합 만족도,정리습관,50,위와 같이 평가한 이유는 무엇인가요?  ※ 앞 문항 귀속: 전반적인 만족도(종합 점수),L1|L9|L11,필수 5/5
S8,종합 만족도 및 NPS 지수,종합 만족도,투블럭에이아이 · 키위티,52,Q19. 키위티 서비스의 전반적인 만족도(종합 점수)는 몇 점입니까? - 만족도를 평가해주세요.,L1|L9|L11,필수 5/5
S8,종합 만족도 및 NPS 지수,종합 만족도,투블럭에이아이 · 키위티,53,Q19. 키위티 서비스의 전반적인 만족도(종합 점수)는 몇 점입니까? - 위와 같이 평가한 이유는 무엇인가요?,L1|L9|L11,필수 5/5
S8,종합 만족도 및 NPS 지수,NPS (추천 의향 1문항),리바랩스 · 캣독런,56,NPS,L10|L10a|L7|L22|L11|L19,필수 5/5
S8,종합 만족도 및 NPS 지수,NPS (추천 의향 1문항),리바랩스 · 캣독런,57,이유  ※ 앞 문항 귀속: NPS,L10|L10a|L7|L22|L11|L19,필수 5/5
S8,종합 만족도 및 NPS 지수,NPS (추천 의향 1문항),케어클 · 테크핏,54,NPS,L10|L10a|L7|L22|L11|L19,필수 5/5
S8,종합 만족도 및 NPS 지수,NPS (추천 의향 1문항),케어클 · 테크핏,55,위와 같이 평가한 이유는 무엇인가요?  ※ 앞 문항 귀속: NPS,L10|L10a|L7|L22|L11|L19,필수 5/5
S8,종합 만족도 및 NPS 지수,NPS (사용+추천 2문항 → L22 2개),이젠오토 · 셀케어,42,"본 서비스를 체험해보았을 때, 셀케어 앱을 사용하실 의향이 얼마나 있습니까?",L10|L10a|L7|L22|L11,필수 5/5
S8,종합 만족도 및 NPS 지수,NPS (사용+추천 2문항 → L22 2개),이젠오토 · 셀케어,43,"본 서비스를 체험해보았을 때, 셀케어 앱을 가장 친한 친구 또는 형제, 자매, 지인에게 추천할 의향이 있습니까?",L10|L10a|L7|L22|L11,필수 5/5
S8,종합 만족도 및 NPS 지수,NPS (추천 의향 1문항),정리습관,51,NPS,L10|L10a|L7|L22|L11|L19,필수 5/5
S8,종합 만족도 및 NPS 지수,NPS (추천 의향 1문항),정리습관,52,위와 같이 평가한 이유는 무엇인가요?  ※ 앞 문항 귀속: NPS,L10|L10a|L7|L22|L11|L19,필수 5/5
S8,종합 만족도 및 NPS 지수,NPS (추천 의향 1문항),투블럭에이아이 · 키위티,54,Q20. 주변 지인(동료 선생님 등)에게 키위티 서비스를 추천할 의향이 있으십니까? - 추천 의향을 0~10점으로 평가해주세요.,L10|L10a|L7|L22|L11|L19,필수 5/5
S8,종합 만족도 및 NPS 지수,NPS (추천 의향 1문항),투블럭에이아이 · 키위티,55,Q20. 주변 지인(동료 선생님 등)에게 키위티 서비스를 추천할 의향이 있으십니까? - 위와 같이 평가한 이유는 무엇인가요?,L10|L10a|L7|L22|L11|L19,필수 5/5
S8,종합 만족도 및 NPS 지수,NPS (추천 의향 1문항),투블럭에이아이 · 키위티,56,"Q20. 주변 지인(동료 선생님 등)에게 키위티 서비스를 추천할 의향이 있으십니까? - 만약 추천한다면, 누구에게 추천하고 싶으신가요?",L10|L10a|L7|L22|L11|L19,필수 5/5
S9,개선 아이디어 및 추가 질문,개선 아이디어,리바랩스 · 캣독런,58,개선 아이디어 제안,L10a|L11b,필수 5/5
S9,개선 아이디어 및 추가 질문,개선 아이디어,케어클 · 테크핏,56,개선 아이디어 제안,L10a|L11b,필수 5/5
S9,개선 아이디어 및 추가 질문,개선 아이디어,이젠오토 · 셀케어,45,셀케어를 사용해 본 경험을 바탕으로 어떤 부분에서 개선이 필요하다고 느끼셨나요?,L10a|L11b,필수 5/5
S9,개선 아이디어 및 추가 질문,개선 아이디어,정리습관,53,개선 아이디어 제안,L10a|L11b,필수 5/5
S9,개선 아이디어 및 추가 질문,개선 아이디어,투블럭에이아이 · 키위티,57,추가 개선 사항 - Q21. 실제 현장에서 키위티의 활용도가 향상되려면 어떤 점이 보완되면 좋을까요?,L10a|L11b,필수 5/5
S9,개선 아이디어 및 추가 질문,개선 아이디어,투블럭에이아이 · 키위티,58,"추가 개선 사항 - Q22. 키위티를 사용하시면서 특별히 제안할 기능적, 디자인적 측면의 아이디어가 있으시면 구현 가능성에 구애받지 않고 자유롭게 말씀해주세요.",L10a|L11b,필수 5/5
S9,개선 아이디어 및 추가 질문,기업 요청 질문,투블럭에이아이 · 키위티,59,기업 요청 질문 - Q23. 키위티가 제공하는 'AI 첨삭'에 대한 만족도를 평가해주세요.,L10b|L9|L11b,필수 5/5
S9,개선 아이디어 및 추가 질문,기업 요청 질문,투블럭에이아이 · 키위티,60,기업 요청 질문 - 위와 같이 평가한 이유는 무엇인가요?  ※ 앞 문항 귀속: 기업 요청 질문 - Q23. 키위티가 제공하는 'AI 첨삭'에 대한 만족도를 평가해주세요.,L10b|L9|L11b,필수 5/5
S9,개선 아이디어 및 추가 질문,기업 요청 질문,투블럭에이아이 · 키위티,61,기업 요청 질문 - Q24. 키위티 사용 설명서는 서비스를 사용하는 데에 도움이 되었을까요? 이에 대한 만족도를 평가해주세요.,L10b|L9|L11b,필수 5/5
S9,개선 아이디어 및 추가 질문,기업 요청 질문,투블럭에이아이 · 키위티,62,기업 요청 질문 - 위와 같이 평가한 이유는 무엇인가요?  ※ 앞 문항 귀속: 기업 요청 질문 - Q24. 키위티 사용 설명서는 서비스를 사용하는 데에 도움이 되었을까요? 이에 대한 만족도를 평가해주세요.,L10b|L9|L11b,필수 5/5
S9,개선 아이디어 및 추가 질문,기업 요청 질문,투블럭에이아이 · 키위티,63,기업 요청 질문 - Q25. 키위티는 원하는 기능을 직관적으로 제공했나요? 이에 대한 만족도를 평가해주세요.,L10b|L9|L11b,필수 5/5
S9,개선 아이디어 및 추가 질문,기업 요청 질문,투블럭에이아이 · 키위티,64,기업 요청 질문 - 위와 같이 평가한 이유는 무엇인가요?  ※ 앞 문항 귀속: 기업 요청 질문 - Q25. 키위티는 원하는 기능을 직관적으로 제공했나요? 이에 대한 만족도를 평가해주세요.,L10b|L9|L11b,필수 5/5
